,
generate_random_pauli_string   , unoptimize.py
pauli_bit_to_pauli_id          , pauli_bit_ops.py
apply_pauli_gates              , rot_class.py
pauli_string_to_pauli_bit      , pauli_bit_ops.py
find_non_zero_index            , rot_class.py
apply_rotation_gate            , rot_class.py
get_rotation_relation          , stim_function.py
gen_nontrivial_identity        , unoptimize.py
add_gate                       , rotation_circuit.py
optimization_process           , stim_function.py
zhang_optimization             , stim_function.py
get_all                        , rotation_circuit.py
sort_gate_sequence             , rotation_circuit.py
get_pauli_ids                  , rot_class.py
delete_from_gate_id            , rotation_circuit.py
delete                         , rotation_circuit.py
set_circuit                    , rotation_circuit.py
to_rot_ops                     , rotation_circuit.py
insert_angles_from_sgn         , rot_class.py
convert_to_clifford_t_circuit  , rot_class.py
get_pauli_bits                 , rot_class.py
get_all                        , rot_class.py
complement_identity            , clifford.py
get_all_ids                    , rotation_circuit.py
process_gate_replacement       , unoptimize.py
is_edge                        , unoptimize.py
gen_nontrivial_identity_from_gate_info , unoptimize.py
assign_gate_id_of_generated_gates , circuit_ops.py
get_gate_from_gate_id          , rotation_circuit.py
get_tcount_from_tket_circuit   , optimize.py
result_lists_to_dataframe      , optimize.py
stim_grouping_of_pauli_rotations, stim_function.py
qulacs_to_qasm                 , filesave.py
save_qasm                      , rotation_circuit.py
qasm_to_pyzx                   , filesave.py
optimize_process_pyzx          , optimize.py
zhang_optimization_until_convergence, stim_function.py
stim_apply_pauli_gates         , stim_function.py
MyQuantumProgram               , mycircuit.py
GateFactory                    , mycircuit.py
RotOps                         , rot_class.py
PauliRotationSequence          , rotation_circuit.py
duplicate                      , rotation_circuit.py
unoptimize_circuit             , unoptimize.py
get_qubit_count                , rotation_circuit.py
is_equivalent                  , rotation_circuit.py
equivalence_check_via_mqt_qcec , circuit_ops.py
get_qubit_count_from_qasm_file , circuit_ops.py
tket_optimization              , optimize.py
pyzx_optimization              , optimize.py
tmerge_optimization            , optimize.py
stim_conversion_from_pauli_to_circuit, stim_function.py
fasttodd_optimization          , optimize.py
mkdir_tmp_if_not_exists        , filesave.py
qasm_file_to_qc                , filesave.py
analyze_qc_file                , optimize.py